Workbook

Sheet 1. Raw Data
A1: Checkatrade Consumer Funnel - Raw Data (Dummy)
A3: Metric | B3: 1 | C3: 2 | D3: 3 | E3: 4 | F3: 5 | G3: 6 | H3: 7 | I3: 8 | J3: 9 | K3: 10 | L3: 11 | M3: 12 | N3: FY Total / Avg
A4: Unique Customers (k) | B4: 277.6 | C4: 253.4 | D4: 247.3 | E4: 223.4 | F4: 256.6 | G4: 234.4 | H4: 248.2 | I4: 240 | J4: 212.7 | K4: 150.8 | L4: 205.2 | M4: 193.8 | N4: =SUM(B4:M4) -> 2743.4
A5: BOs per User | B5: 1.41 | C5: 1.44 | D5: 1.45 | E5: 1.58 | F5: 1.47 | G5: 1.53 | H5: 1.52 | I5: 1.61 | J5: 1.63 | K5: 1.68 | L5: 1.68 | M5: 1.78 | N5: =SUMPRODUCT(B4:M4,B5:M5)/SUM(B4:M4) -> 1.551765
A6: Hire Rate | B6: 0.713 | C6: 0.617 | D6: 0.636 | E6: 0.55 | F6: 0.548 | G6: 0.552 | H6: 0.56 | I6: 0.548 | J6: 0.537 | K6: 0.543 | L6: 0.556 | M6: 0.541 | N6: =SUMPRODUCT(B13:M13,B6:M6)/SUM(B13:M13) -> 0.57695092
A7: Unique Customers Web (k) | B7: 277.6 | C7: 253.4 | D7: 247.3 | E7: 223.4 | F7: 256.7 | G7: 234.4 | H7: 248.2 | I7: 240 | J7: 212.7 | K7: 150.8 | L7: 205.3 | M7: 193.8
A8: BOs per User - Web | B8: 1.03 | C8: 1.04 | D8: 1.03 | E8: 1.02 | F8: 1.03 | G8: 1.03 | H8: 1.04 | I8: 1.03 | J8: 1.04 | K8: 1.05 | L8: 1.04 | M8: 1.03
A9: Hire Rate - Web | B9: 0.714 | C9: 0.617 | D9: 0.636 | E9: 0.55 | F9: 0.548 | G9: 0.552 | H9: 0.56 | I9: 0.548 | J9: 0.538 | K9: 0.542 | L9: 0.557 | M9: 0.542
A10: Unique Customers App (k) | B10: 33 | C10: 30.4 | D10: 30.9 | E10: 31.8 | F10: 37.2 | G10: 42.3 | H10: 42.3 | I10: 48.5 | J10: 52.8 | K10: 37.8 | L10: 49 | M10: 47.2
A11: BOs per User - App | B11: 1 | C11: 1 | D11: 1 | E11: 1 | F11: 1 | G11: 1 | H11: 1 | I11: 1 | J11: 1 | K11: 1 | L11: 1 | M11: 1.01
A12: Hire Rate - App | B12: 0.707 | C12: 0.602 | D12: 0.623 | E12: 0.544 | F12: 0.543 | G12: 0.546 | H12: 0.553 | I12: 0.541 | J12: 0.531 | K12: 0.538 | L12: 0.553 | M12: 0.537
A13: Total BOs (k) | B13: =B4*B5 -> 391.416 | C13: =C4*C5 -> 364.896 | D13: =D4*D5 -> 358.585 | E13: =E4*E5 -> 352.972 | F13: =F4*F5 -> 377.202 | G13: =G4*G5 -> 358.632 | H13: =H4*H5 -> 377.264 | I13: =I4*I5 -> 386.4 | ... M13: =M4*M5 -> 344.964 | N13: =SUM(B13:M13) -> 4257.112
A14: Successful Hires (k) | B14: =B13*B6 -> 279.07961 | C14: =C13*C6 -> 225.14083 | D14: =D13*D6 -> 228.06006 | E14: =E13*E6 -> 194.1346 | F14: =F13*F6 -> 206.7067 | G14: =G13*G6 -> 197.96486 | H14: =H13*H6 -> 211.26784 | I14: =I13*I6 -> 211.7472 | ... M14: =M13*M6 -> 186.62552 | N14: =SUM(B14:M14) -> 2456.1447

Sheet 2. Trend Analysis
A1: Trend Analysis: Month 1 vs Month 12 (how each lever is moving)
A3: Metric | B3: Month 1 | C3: Month 12 | D3: Absolute Change | E3: Relative Change | F3: Direction | G3: Signal Strength
A4: Unique Customers (k) | B4: ='1. Raw Data'!B4 -> 277.6 | C4: ='1. Raw Data'!M4 -> 193.8 | D4: =C4-B4 -> -83.8 | E4: =IFERROR((C4-B4)/B4,0) -> -0.3018732 | F4: =IF(C4>B4,"Improving","Deteriorating") -> Deteriorating | G4: =IF(ABS((C4-B4)/B4)>0.15,"HIGH",IF(ABS((C4-B4)/B4)>0.05,"MEDIUM","LOW")) -> HIGH
A5: BOs per User (overall) | B5: ='1. Raw Data'!B5 -> 1.41 | C5: ='1. Raw Data'!M5 -> 1.78 | D5: =C5-B5 -> 0.37 | E5: =IFERROR((C5-B5)/B5,0) -> 0.26241135 | F5: =IF(C5>B5,"Improving","Deteriorating") -> Improving | G5: =IF(ABS((C5-B5)/B5)>0.15,"HIGH",IF(ABS((C5-B5)/B5)>0.05,"MEDIUM","LOW")) -> HIGH
A6: Hire Rate (overall) | B6: ='1. Raw Data'!B6 -> 0.713 | C6: ='1. Raw Data'!M6 -> 0.541 | D6: =C6-B6 -> -0.172 | E6: =IFERROR((C6-B6)/B6,0) -> -0.24123422 | F6: =IF(C6>B6,"Improving","Deteriorating") -> Deteriorating | G6: =IF(ABS((C6-B6)/B6)>0.15,"HIGH",IF(ABS((C6-B6)/B6)>0.05,"MEDIUM","LOW")) -> HIGH
A7: BOs per User - Web | B7: ='1. Raw Data'!B8 -> 1.03 | C7: ='1. Raw Data'!M8 -> 1.03 | D7: =C7-B7 -> 0 | E7: =IFERROR((C7-B7)/B7,0) -> 0 | F7: =IF(C7>B7,"Improving","Deteriorating") -> Deteriorating | G7: =IF(ABS((C7-B7)/B7)>0.15,"HIGH",IF(ABS((C7-B7)/B7)>0.05,"MEDIUM","LOW")) -> LOW
A8: BOs per User - App | B8: ='1. Raw Data'!B11 -> 1 | C8: ='1. Raw Data'!M11 -> 1.01 | D8: =C8-B8 -> 0.01 | E8: =IFERROR((C8-B8)/B8,0) -> 0.01 | F8: =IF(C8>B8,"Improving","Deteriorating") -> Improving | G8: =IF(ABS((C8-B8)/B8)>0.15,"HIGH",IF(ABS((C8-B8)/B8)>0.05,"MEDIUM","LOW")) -> LOW
A9: Hire Rate - App | B9: ='1. Raw Data'!B12 -> 0.707 | C9: ='1. Raw Data'!M12 -> 0.537 | D9: =C9-B9 -> -0.17 | E9: =IFERROR((C9-B9)/B9,0) -> -0.24045262 | F9: =IF(C9>B9,"Improving","Deteriorating") -> Deteriorating | G9: =IF(ABS((C9-B9)/B9)>0.15,"HIGH",IF(ABS((C9-B9)/B9)>0.05,"MEDIUM","LOW")) -> HIGH
A10: Unique Customers App (k) | B10: ='1. Raw Data'!B10 -> 33 | C10: ='1. Raw Data'!M10 -> 47.2 | D10: =C10-B10 -> 14.2 | E10: =IFERROR((C10-B10)/B10,0) -> 0.43030303 | F10: =IF(C10>B10,"Improving","Deteriorating") -> Improving | G10: =IF(ABS((C10-B10)/B10)>0.15,"HIGH",IF(ABS((C10-B10)/B10)>0.05,"MEDIUM","LOW")) -> HIGH
A12: Commentary on the data signals
A13: Unique Customers fell ~30% from M1 to M12. Largest single deterioration in the funnel. Strong signal even if partly seasonal.
A14: Hire Rate fell ~17pp (24% relative). Sustained deterioration across web AND app. Conversion is actively leaking.
A15: BOs per User actually improved ~26% over the year. The absolute level (1.4 to 1.8) is still far below 10-15 household need, but the trend is positive, so the data does NOT flag this as an acute funnel problem.
A16: App: BOs/User is flat at ~1.00 (vs Web ~1.03) and Hire Rate tracks web. App adoption is growing (Unique Customers App up ~43%), but app is not a differentiated surface. Strategic concern, not an acute funnel leak.

Sheet 3. Scenario Model
A1: Scenario Model: Impact of fixing each lever (annualized hires)
A2: Baseline = FY run-rate from raw data. Each scenario isolates one lever and holds others constant.
A4: Baseline Inputs
A5: FY Unique Customers (k) | B5: ='1. Raw Data'!N4 -> 2743.4
A6: Avg BOs per User | B6: ='1. Raw Data'!N5 -> 1.551765
A7: Avg Hire Rate | B7: ='1. Raw Data'!N6 -> 0.57695092
A8: Baseline FY Hires (k) | B8: =B5*B6*B7 -> 2456.1447
A11: Scenarios (what if we fix each lever to a realistic target)
A13: Scenario | B13: Customers (k) | C13: BOs/User | D13: Hire Rate | E13: FY Hires (k) | F13: Lift vs Baseline
A14: Baseline (current trajectory) | B14: =B5 -> 2743.4 | C14: =B6 -> 1.551765 | D14: =B7 -> 0.57695092 | E14: =B14*C14*D14 -> 2456.1447 | F14: =0 -> 0
A15: A. Fix demand (hold M1 peak all year) | B15: =12*277.6 -> 3331.2 | C15: =B6 -> 1.551765 | D15: =B7 -> 0.57695092 | E15: =B15*C15*D15 -> 2982.3974 | F15: =(E15-E14)/E14 -> 0.21425968
A16: B. Fix BOs/user (lift to 2.5 vs current avg) | B16: =B5 -> 2743.4 | C16: 2.5 | D16: =B7 -> 0.57695092 | E16: =B16*C16*D16 -> 3957.0179 | F16: =(E16-E14)/E14 -> 0.61106872
A17: C. Fix hire rate (restore to M1 peak 71.3%) | B17: =B5 -> 2743.4 | C17: =B6 -> 1.551765 | D17: 0.713 | E17: =B17*C17*D17 -> 3035.3209 | F17: =(E17-E14)/E14 -> 0.23580703
A18: D. Fix app (app BOs/user lifts blended +5%) | B18: =B5 -> 2743.4 | C18: =B6*1.05 -> 1.6293532 | D18: =B7 -> 0.57695092 | E18: =B18*C18*D18 -> 2578.9519 | F18: =(E18-E14)/E14 -> 0.05
A19: E. Combined A + C (fix demand AND hire rate) | B19: =12*277.6 -> 3331.2 | C19: =B6 -> 1.551765 | D19: 0.713 | E19: =B19*C19*D19 -> 3685.6677 | F19: =(E19-E14)/E14 -> 0.50059065
A21: Interpretation
A22: Fixing demand and hire rate each individually unlock double-digit hire uplift. Both are problems clearly visible in the data.
A23: BOs per user scenario looks large in absolute terms, but the lever is slow (requires product rebuild into a homeowner OS) and the trend is already positive, so this is Section C/D territory, not an acute funnel fix.
A24: App scenario is smaller because the blended gap is ~2-3 percentage points today. Important strategically but not the biggest 12-month hire lever.
A25: Combined scenario (A + C) more than doubles FY hires from the current exit run rate. That is why these two should be the HIGH severity priorities.

Sheet 4. Severity Matrix
A1: Severity Scoring: Which 2 findings are most critical to investigate first?
A2: Score each finding on 5 dimensions (1-5). Higher score = higher severity/priority.
A4: Finding | B4: Signal in data (1-5) | C4: Trend direction (1-5) | D4: Size of prize (1-5) | E4: Time-to-impact (1-5) | F4: Reversibility risk (1-5) | G4: Total Score | H4: Severity
A5: B.1 Demand / top-of-funnel decline | B5: 5 | C5: 5 | D5: 5 | E5: 4 | F5: 4 | G5: =SUM(B5:F5) -> 23 | H5: =IF(G5>=20,"HIGH",IF(G5>=14,"MEDIUM","LOW")) -> HIGH
A6: B.2 BOs per User too low (wallet share gap) | B6: 2 | C6: 1 | D6: 5 | E6: 2 | F6: 2 | G6: =SUM(B6:F6) -> 12 | H6: =IF(G6>=20,"HIGH",IF(G6>=14,"MEDIUM","LOW")) -> LOW
A7: B.3 Hire rate deteriorating in messy middle | B7: 5 | C7: 5 | D7: 4 | E7: 5 | F7: 5 | G7: =SUM(B7:F7) -> 24 | H7: =IF(G7>=20,"HIGH",IF(G7>=14,"MEDIUM","LOW")) -> HIGH
A8: B.4 App not differentiated | B8: 3 | C8: 2 | D8: 2 | E8: 3 | F8: 3 | G8: =SUM(B8:F8) -> 13 | H8: =IF(G8>=20,"HIGH",IF(G8>=14,"MEDIUM","LOW")) -> LOW
A10: Scoring rubric
A11: Signal in data | B11: How clearly does the 12-month data flag this as a problem? (5 = obvious deterioration, 1 = not visible)
A12: Trend direction | B12: Is the metric getting worse? (5 = rapidly worsening, 1 = improving)
A13: Size of prize | B13: Potential FY hires unlocked if fixed (see Sheet 3 scenarios)
A14: Time-to-impact | B14: How fast can a growth team move it? (5 = 1-2 quarters, 1 = 18mo+ product rebuild)
A15: Reversibility risk | B15: If left alone 12 months, how much does it worsen? (5 = compounding damage, 1 = stable)
A17: Recommendation
A18: TOP 2 (HIGH severity): B.1 Demand decline and B.3 Hire rate deterioration.
A19: Both score 20+ on the matrix. They are the two problems the 12-month data clearly reveals, they both worsen over time, and they have the largest short-term leverage on FY hires (see Sheet 3).
A20: B.2 and B.4 remain valid strategic findings but score as MEDIUM because the data trend is not acute (BOs/user is improving; app adoption is growing) and fixes require multi-quarter product investment rather than funnel surgery.
